location_id,location_name,country_name,provider_name,owner_name,is_mobile,is_monitor,instrument_name
12,SPARTAN - IIT Kanpur,India,Spartan,Unknown Governmental Organization,False,True,Government Monitor
13,"Delhi Technological University, Delhi - CPCB",India,CPCB,Unknown Governmental Organization,False,True,Government Monitor
15,IGI Airport,India,CPCB,Unknown Governmental Organization,False,True,Government Monitor
16,Civil Lines,India,CPCB,Unknown Governmental Organization,False,True,Government Monitor
17,"R K Puram, Delhi - DPCC",India,CPCB,Delhi Pollution Control Committee,False,True,Government Monitor
50,"Punjabi Bagh, Delhi - DPCC",India,CPCB,Delhi Pollution Control Committee,False,True,Government Monitor
103,"Income Tax Office, Delhi - CPCB",India,CPCB,Unknown Governmental Organization,False,True,Government Monitor
235,"Anand Vihar, New Delhi - DPCC",India,CPCB,Delhi Pollution Control Committee,False,True,Government Monitor
236,"Mandir Marg, Delhi - DPCC",India,CPCB,Unknown Governmental Organization,False,True,Government Monitor
286,Collectorate - Gaya - BSPCB,India,CPCB,Unknown Governmental Organization,False,True,Government Monitor
301,"Vikas Sadan, Gurugram - HSPCB",India,CPCB,Haryana State Pollution Control Board,False,True,Government Monitor
346,"MD University, Rohtak - HSPCB",India,CPCB,Unknown Governmental Organization,False,True,Government Monitor
354,"Lalbagh, DN Park",India,CPCB,Unknown Governmental Organization,False,True,Government Monitor
378,Alandur Bus Depot,India,CPCB,Unknown Governmental Organization,False,True,Government Monitor
407,"Zoo Park, Hyderabad - TSPCB",India,CPCB,Telangana State Pollution Control Board,False,True,Government Monitor
412,"Peenya, Bengaluru - KSPCB",India,CPCB,Unknown Governmental Organization,False,True,Government Monitor
431,"IHBAS, Delhi - CPCB",India,CPCB,Unknown Governmental Organization,False,True,Government Monitor
594,"BTM Layout, Bengaluru - KSPCB",India,CPCB,Unknown Governmental Organization,False,True,Government Monitor
697,"Haldia, Haldia - WBPCB",India,caaqm,Unknown Governmental Organization,False,True,Government Monitor
703,Collectorate Jodhpur - RSPCB,India,CPCB,Unknown Governmental Organization,False,True,Government Monitor
716,"Rabindra Bharati University, Kolkata - WBSPCB",India,CPCB,Unknown Governmental Organization,False,True,Government Monitor
797,City Railway Station - KSPCB,India,CPCB,Unknown Governmental Organization,False,True,Government Monitor
854,Chandrapur,India,CPCB,Unknown Governmental Organization,False,True,Government Monitor
860,"Sanjay Palace, Agra - UPPCB",India,CPCB,Uttar Pradesh Pollution Control Board,False,True,Government Monitor
910,Victoria Memorial - WBSPCB,India,CPCB,Unknown Governmental Organization,False,True,Government Monitor
985,Collectorate - Muzaffarpur - BSPCB,India,CPCB,Unknown Governmental Organization,False,True,Government Monitor
2345,VK Industrial Area Jaipur - RSPCB,India,CPCB,Unknown Governmental Organization,False,True,Government Monitor
2456,"Talkatora District Industries Center, Lucknow - CPCB",India,CPCB,Central Pollution Control Board,False,True,Government Monitor
2459,US Diplomatic Post: Hyderabad,India,StateAir Hyderabad,Unknown Governmental Organization,False,True,Government Monitor
2460,US Diplomatic Post: Kolkata,India,StateAir Kolkata,Unknown Governmental Organization,False,True,Government Monitor
2461,US Diplomatic Post: Chennai,India,StateAir Chennai,Unknown Governmental Organization,False,True,Government Monitor
2463,Central School,India,CPCB,Unknown Governmental Organization,False,True,Government Monitor
2503,"Shadipur, Delhi - CPCB",India,CPCB,Unknown Governmental Organization,False,True,Government Monitor
2549,IIT,India,CPCB,Unknown Governmental Organization,False,True,Government Monitor
2583,"Sector-6, Panchkula - HSPCB ",India,CPCB,Haryana State Pollution Control Board,False,True,Government Monitor
2585,AAQMS Karve Road Pune,India,CPCB,Unknown Governmental Organization,False,True,Government Monitor
2586,"Manali, Chennai - CPCB",India,CPCB,Central Pollution Control Board,False,True,Government Monitor
2587,"Sector16A, Faridabad - HSPCB",India,CPCB,Unknown Governmental Organization,False,True,Government Monitor
2589,SaneguravaHalli - KSPCB,India,CPCB,Unknown Governmental Organization,False,True,Government Monitor
2591,Ardhali Bazar,India,CPCB,Unknown Governmental Organization,False,True,Government Monitor
2592,"BWSSB Kadabesanahalli, Bengaluru - KSPCB",India,CPCB,Unknown Governmental Organization,False,True,Government Monitor
2593,IGSC Planetarium Complex - Patna - BSPCB,India,CPCB,Unknown Governmental Organization,False,True,Government Monitor
2594,"Sanathnagar, Hyderabad - TSPCB",India,CPCB,Unknown Governmental Organization,False,True,Government Monitor
2595,Nehru Nagar,India,CPCB,Unknown Governmental Organization,False,True,Government Monitor
2596,"Solapur, Solapur - MPCB",India,CPCB,Maharashtra Pollution Control Board,False,True,Government Monitor
2597,US Diplomatic Post: New Delhi,India,StateAir NewDelhi,Unknown Governmental Organization,False,True,Government Monitor
2598,Navi Mumbai Municipal Corporation Airoli,India,CPCB,Unknown Governmental Organization,False,True,Government Monitor
5404,"Pusa, Delhi - IMD",India,CPCB,India Meteorological Department,False,True,Government Monitor
5408,"Secretariat, Amaravati - APPCB",India,CPCB,Andhra Pradesh Pollution Control Board,False,True,Government Monitor
5443,"Mahakaleshwar Temple, Ujjain - MPPCB",India,CPCB,Madhya Pradesh Pollution Control Board,False,True,Government Monitor
5505,"Birla Staff colony, Satna - MPPCB",India,data.gov.in,Unknown Governmental Organization,False,True,Government Monitor
5509,"Anand Vihar, Delhi - DPCC",India,caaqm,Unknown Governmental Organization,False,True,Government Monitor
5540,"Punjabi Bagh, Delhi - DPCC",India,caaqm,Unknown Governmental Organization,False,True,Government Monitor
5541,"Burari Crossing, New Delhi - IMD",India,CPCB,India Meteorological Department,False,True,Government Monitor
5542,"Civil Line, Jalandhar - PPCB",India,CPCB,Punjab Pollution Control Board,False,True,Government Monitor
5544,"Model Town, Patiala - PPCB",India,CPCB,Punjab Pollution Control Board,False,True,Government Monitor
5546,Tata Stadium - Jorapokhar - JSPCB,India,CPCB,Jharkhad State Pollution Control Board,False,True,Government Monitor
5547,"BWSSB Kadabesanahalli, Bengaluru - CPCB",India,caaqm,Unknown Governmental Organization,False,True,Government Monitor
5548,"BTM Layout, Bengaluru - CPCB",India,CPCB,Central Pollution Control Board,False,True,Government Monitor
5551,"Golden Temple, Amritsar - PPCB",India,CPCB,Punjab Pollution Control Board,False,True,Government Monitor
5552,"MD University, Rohtak - HSPCB",India,caaqm,Unknown Governmental Organization,False,True,Government Monitor
5558,"Alandur Bus Depot, Chennai - CPCB",India,caaqm,Unknown Governmental Organization,False,True,Government Monitor
5559,"Collectorate, Gaya - BSPCB",India,CPCB,Bihar State Pollution Control Board,False,True,Government Monitor
5565,"MIDC Khutala, Chandrapur - MPCB",India,CPCB,Maharashtra Pollution Control Board,False,True,Government Monitor
5566,"Talcher Coalfields,Talcher - OSPCB",India,CPCB,Odisha State Pollution Control Board,False,True,Government Monitor
5569,"Punjab Agricultural University, Ludhiana - PPCB",India,CPCB,Punjab Pollution Control Board,False,True,Government Monitor
5570,"Aya Nagar, New Delhi - IMD",India,CPCB,India Meteorological Department,False,True,Government Monitor
5574,"City Railway Station, Bengaluru - KSPCB",India,CPCB,Karnataka State Pollution Control Board,False,True,Government Monitor
5576,"Moti Doongri, Alwar - RSPCB",India,CPCB,Rajasthan State Pollution Control Board,False,True,Government Monitor
5581,"Pusa, New Delhi - IMD",India,caaqm,Unknown Governmental Organization,False,True,Government Monitor
5585,"Ashok Nagar, Udaipur - RSPCB",India,CPCB,Rajasthan State Pollution Control Board,False,True,Government Monitor
5586,"Sirifort, Delhi - CPCB",India,CPCB,Central Pollution Control Board,False,True,Government Monitor
5587,"Collectorate, Jodhpur - RSPCB",India,CPCB,Rajasthan State Pollution Control Board,False,True,Government Monitor
5588,"RIICO Ind. Area III, Bhiwadi - RSPCB",India,CPCB,Rajasthan State Pollution Control Board,False,True,Government Monitor
5590,"Ardhali Bazar, Varanasi - UPPCB",India,CPCB,Uttar Pradesh Pollution Control Board,False,True,Government Monitor
5592,"Gangapur Road, Nashik - MPCB",India,CPCB,Maharashtra Pollution Control Board,False,True,Government Monitor
5593,"Pimpleshwar Mandir, Thane - MPCB",India,caaqm,Unknown Governmental Organization,False,True,Government Monitor
5594,"Muzaffarpur Collectorate, Muzaffarpur - BSPCB",India,CPCB,Bihar State Pollution Control Board,False,True,Government Monitor
5596,"Secretariat, Amaravati - APPCB",India,caaqm,Unknown Governmental Organization,False,True,Government Monitor
5598,"Sector - 125, Noida, UP - UPPCB",India,CPCB,Uttar Pradesh Pollution Control Board,False,True,Government Monitor
5599,"Bollaram Industrial Area, Hyderabad - TSPCB",India,CPCB,Telangana State Pollution Control Board,False,True,Government Monitor
5601,"Lajpat Nagar, Moradabad - UPPCB",India,caaqm,Unknown Governmental Organization,False,True,Government Monitor
5602,"Asansol Court Area, Asansol - WBPCB",India,CPCB,West Bengal Pollution Control Board,False,True,Government Monitor
5603,"Sector-2 Industrial Area, Pithampur - MPPCB",India,CPCB,Madhya Pradesh Pollution Control Board,False,True,Government Monitor
5604,"Nishant Ganj, Lucknow - UPPCB",India,caaqm,Unknown Governmental Organization,False,True,Government Monitor
5607,"Peenya, Bengaluru - CPCB",India,CPCB,Central Pollution Control Board,False,True,Government Monitor
5608,"GM Office, Brajrajnagar - OSPCB",India,CPCB,Odisha State Pollution Control Board,False,True,Government Monitor
5609,"Anam Kala Kendram, Rajamahendravaram - APPCB",India,CPCB,Andhra Pradesh Pollution Control Board,False,True,Government Monitor
5610,"North Campus, DU, Delhi - IMD",India,CPCB,India Meteorological Department,False,True,Government Monitor
5611,"Chandrapur, Chandrapur - MPCB",India,caaqm,Unknown Governmental Organization,False,True,Government Monitor
5612,"Shastri Nagar, Jaipur - RSPCB",India,CPCB,Rajasthan State Pollution Control Board,False,True,Government Monitor
5613,"ITO, New Delhi - CPCB",India,CPCB,Central Pollution Control Board,False,True,Government Monitor
5614,"Padmapukur, Howrah - WBPCB",India,CPCB,West Bengal Pollution Control Board,False,True,Government Monitor
5615,"Sidhu Kanhu Indoor Stadium, Durgapur - WBPCB",India,CPCB,West Bengal Pollution Control Board,False,True,Government Monitor
5616,"Sector - 62, Noida, UP - IMD",India,CPCB,India Meteorological Department,False,True,Government Monitor
5617,"Sector- 16A, Faridabad - HSPCB",India,caaqm,Unknown Governmental Organization,False,True,Government Monitor
5619,"Vindhyachal STPS, Singrauli - MPPCB",India,CPCB,Madhya Pradesh Pollution Control Board,False,True,Government Monitor
5621,"Opp GPO Civil Lines, Nagpur - MPCB",India,CPCB,Maharashtra Pollution Control Board,False,True,Government Monitor
5622,"NSIT Dwarka, Delhi - CPCB",India,CPCB,Central Pollution Control Board,False,True,Government Monitor
5623,"Central University, Hyderabad - TSPCB",India,CPCB,Telangana State Pollution Control Board,False,True,Government Monitor
5624,"IDA Pashamylaram, Hyderabad - TSPCB",India,CPCB,Telangana State Pollution Control Board,False,True,Government Monitor
5625,"RIMT University, Mandi Gobindgarh - PPCB",India,CPCB,Punjab Pollution Control Board,False,True,Government Monitor
5626,"DTU, New Delhi - CPCB",India,CPCB,Central Pollution Control Board,False,True,Government Monitor
5627,"CRRI Mathura Road, New Delhi - IMD",India,CPCB,India Meteorological Department,False,True,Government Monitor
5628,"GVM Corporation, Visakhapatnam - APPCB",India,CPCB,Andhra Pradesh Pollution Control Board,False,True,Government Monitor
5630,"Shadipur, Delhi - CPCB",India,CPCB,Central Pollution Control Board,False,True,Government Monitor
5631,"Maninagar, Ahmedabad - GPCB",India,CPCB,Gujarat Pollution Control Board,False,True,Government Monitor
5632,"Sector-D Industrial Area, Mandideep - MPPCB",India,CPCB,Madhya Pradesh Pollution Control Board,False,True,Government Monitor
5633,"Police Commissionerate, Jaipur - RSPCB",India,CPCB,Rajasthan State Pollution Control Board,False,True,Government Monitor
5634,"Lodhi Road, New Delhi - IMD",India,CPCB,India Meteorological Department,False,True,Government Monitor
5635,"Adarsh Nagar, Jaipur - RSPCB",India,CPCB,Rajasthan State Pollution Control Board,False,True,Government Monitor
5636,"Shrinath Puram, Kota - RSPCB",India,CPCB,Rajasthan State Pollution Control Board,False,True,Government Monitor
5638,"Indira Colony Vistar, Pali - RSPCB",India,CPCB,Rajasthan State Pollution Control Board,False,True,Government Monitor
5639,"R K Puram, New Delhi - DPCC",India,caaqm,Unknown Governmental Organization,False,True,Government Monitor
5641,"Mandir Marg, New Delhi - DPCC",India,caaqm,Unknown Governmental Organization,False,True,Government Monitor
5642,"More Chowk Waluj, Aurangabad - MPCB",India,CPCB,Maharashtra Pollution Control Board,False,True,Government Monitor
5644,"Sanegurava Halli, Bengaluru - KSPCB",India,CPCB,Karnataka State Pollution Control Board,False,True,Government Monitor
5645,"ICRISAT Patancheru, Hyderabad - TSPCB",India,CPCB,Telangana State Pollution Control Board,False,True,Government Monitor
5646,"Plammoodu, Thiruvananthapuram - Kerala PCB",India,CPCB,Kerala State Pollution Control Board,False,True,Government Monitor
5647,"Sanathnagar, Hyderabad - TSPCB",India,CPCB,Telangana State Pollution Control Board,False,True,Government Monitor
5648,"Ward-32 Bapupara, Siliguri - WBPCB",India,CPCB,West Bengal Pollution Control Board,False,True,Government Monitor
5649,"Tirumala, Tirupati - APPCB",India,CPCB,Andhra Pradesh Pollution Control Board,False,True,Government Monitor
5650,"IGI Airport (T3), Delhi - IMD",India,CPCB,India Meteorological Department,False,True,Government Monitor
5652,"IGSC Planetarium Complex, Patna - BSPCB",India,CPCB,Bihar State Pollution Control Board,False,True,Government Monitor
5655,"Velachery Res. Area, Chennai - CPCB",India,CPCB,Central Pollution Control Board,False,True,Government Monitor
5657,"Central School, Lucknow - CPCB",India,caaqm,Unknown Governmental Organization,False,True,Government Monitor
5659,"Lalbagh, Lucknow - CPCB",India,CPCB,Central Pollution Control Board,False,True,Government Monitor
5661,"Karve Road Pune, Pune - MPCB",India,CPCB,Maharashtra Pollution Control Board,False,True,Government Monitor
5662,"Nehru Nagar, Kanpur - UPPCB",India,CPCB,Uttar Pradesh Pollution Control Board,False,True,Government Monitor
5664,"PWD Grounds, Vijayawada - APPCB",India,caaqm,Unknown Governmental Organization,False,True,Government Monitor
5665,"Vasundhara, Ghaziabad - UPPCB",India,CPCB,Uttar Pradesh Pollution Control Board,False,True,Government Monitor
5667,"Bhopal Chauraha, Dewas - MPPCB",India,CPCB,Madhya Pradesh Pollution Control Board,False,True,Government Monitor
5742,"Patparganj, Delhi - DPCC",India,caaqm,Unknown Governmental Organization,False,True,Government Monitor
5743,"Rohini, Delhi - DPCC",India,caaqm,Unknown Governmental Organization,False,True,Government Monitor
5744,"Dr. Karni Singh Shooting Range, Delhi - DPCC",India,caaqm,Unknown Governmental Organization,False,True,Government Monitor
5745,"Ghusuri, Howrah - WBPCB",India,caaqm,Unknown Governmental Organization,False,True,Government Monitor
5753,"Vivek Vihar, Delhi - DPCC",India,caaqm,Unknown Governmental Organization,False,True,Government Monitor
5754,"Jawaharlal Nehru Stadium, Delhi - DPCC",India,caaqm,Unknown Governmental Organization,False,True,Government Monitor
5755,"Major Dhyan Chand National Stadium, Delhi - DPCC",India,caaqm,Unknown Governmental Organization,False,True,Government Monitor
5759,"Sonia Vihar, Delhi - DPCC",India,caaqm,Unknown Governmental Organization,False,True,Government Monitor
5760,"Dwarka-Sector 8, Delhi - DPCC ",India,caaqm,Unknown Governmental Organization,False,True,Government Monitor
5761,"Jahangirpuri, Delhi - DPCC",India,caaqm,Unknown Governmental Organization,False,True,Government Monitor
5762,"Ashok Vihar, Delhi - DPCC",India,caaqm,Unknown Governmental Organization,False,True,Government Monitor
5763,"Narela, Delhi - DPCC",India,caaqm,Unknown Governmental Organization,False,True,Government Monitor
5765,"Okhla Phase-2, Delhi - DPCC",India,caaqm,Unknown Governmental Organization,False,True,Government Monitor
5766,"Nehru Nagar, Delhi - DPCC",India,caaqm,Unknown Governmental Organization,False,True,Government Monitor
6310,"Rabindra Bharati University, Kolkata - WBPCB",India,data.gov.in,Unknown Governmental Organization,False,True,Government Monitor
6314,"NISE Gwal Pahari, Gurugram - IMD",India,caaqm,Unknown Governmental Organization,False,True,Government Monitor
6356,"Pusa, Delhi - DPCC",India,CPCB,Delhi Pollution Control Committee,False,True,Government Monitor
6357,"Punjabi Bagh, Delhi - DPCC",India,caaqm,Unknown Governmental Organization,False,True,Government Monitor
6358,"Mandir Marg, New Delhi - DPCC",India,CPCB,Delhi Pollution Control Committee,False,True,Government Monitor
6359,"IHBAS, Dilshad Garden,New Delhi - CPCB",India,CPCB,Central Pollution Control Board,False,True,Government Monitor
6442,"Ratanpura, Rupnagar - Ambuja Cements",India,CPCB,Ambuja Cement,False,True,Government Monitor
6443,"Bandhavgar Colony, Satna - Birla Cement",India,CPCB,MP Birla Cement,False,True,Government Monitor
6920,"Manali Village, Chennai - TNPCB",India,caaqm,Unknown Governmental Organization,False,True,Government Monitor
6923,"New Mandi, Muzaffarnagar - UPPCB",India,CPCB,Uttar Pradesh Pollution Control Board,False,True,Government Monitor
6924,"Indirapuram, Ghaziabad - UPPCB",India,CPCB,Uttar Pradesh Pollution Control Board,False,True,Government Monitor
6927,"Colaba, Mumbai - MPCB",India,CPCB,Maharashtra Pollution Control Board,False,True,Government Monitor
6928,"Vasai West, Mumbai - MPCB",India,CPCB,Maharashtra Pollution Control Board,False,True,Government Monitor
6929,"Major Dhyan Chand National Stadium, Delhi - DPCC",India,CPCB,Delhi Pollution Control Committee,False,True,Government Monitor
6930,"Gobind Pura, Yamuna Nagar - HSPCB",India,CPCB,Haryana State Pollution Control Board,False,True,Government Monitor
6931,"Dwarka-Sector 8, Delhi - DPCC ",India,CPCB,Delhi Pollution Control Committee,False,True,Government Monitor
6932,"Alipur, Delhi - DPCC",India,CPCB,Delhi Pollution Control Committee,False,True,Government Monitor
6933,"Shasthri Nagar, Ratlam - IPCA Lab",India,CPCB,IPCA Laboratories,False,True,Government Monitor
6934,"Dr. Karni Singh Shooting Range, Delhi - DPCC",India,CPCB,Delhi Pollution Control Committee,False,True,Government Monitor
6935,"Urban Estate-II, Hisar - HSPCB",India,CPCB,Haryana State Pollution Control Board,False,True,Government Monitor
6936,"Arya Nagar, Bahadurgarh - HSPCB",India,CPCB,Haryana State Pollution Control Board,False,True,Government Monitor
6937,"Sector-10, Gandhinagar - GPCB",India,CPCB,Gujarat Pollution Control Board,False,True,Government Monitor
6938,"Vivek Vihar, Delhi - DPCC",India,CPCB,Delhi Pollution Control Committee,False,True,Government Monitor
6939,"Hardev Nagar, Bathinda - PPCB",India,CPCB,Punjab Pollution Control Board,False,True,Government Monitor
6940,"Kalal Majra, Khanna - PPCB",India,CPCB,Punjab Pollution Control Board,False,True,Government Monitor
6941,"Railway Colony, Guwahati - APCB",India,caaqm,Unknown Governmental Organization,False,True,Government Monitor
6942,"Phase-4 GIDC, Vatva - GPCB",India,CPCB,Gujarat Pollution Control Board,False,True,Government Monitor
6943,"Mahape, Navi Mumbai - MPCB",India,CPCB,Maharashtra Pollution Control Board,False,True,Government Monitor
6944,"H.B. Colony, Bhiwani - HSPCB",India,CPCB,Haryana State Pollution Control Board,False,True,Government Monitor
6945,"Kurla, Mumbai - MPCB",India,CPCB,Maharashtra Pollution Control Board,False,True,Government Monitor
6946,"Belur Math, Howrah - WBPCB",India,CPCB,West Bengal Pollution Control Board,False,True,Government Monitor
6947,"General Hospital, Mandikhera - HSPCB",India,CPCB,Haryana State Pollution Control Board,False,True,Government Monitor
6948,"Chhatrapati Shivaji Intl. Airport (T2), Mumbai - MPCB",India,CPCB,Maharashtra Pollution Control Board,False,True,Government Monitor
6949,"Municipal Corporation Office, Dharuhera -  HSPCB",India,CPCB,Haryana State Pollution Control Board,False,True,Government Monitor
6950,"Jadavpur, Kolkata - WBPCB",India,CPCB,West Bengal Pollution Control Board,False,True,Government Monitor
6951,"Murthal, Sonipat - HSPCB",India,CPCB,Haryana State Pollution Control Board,False,True,Government Monitor
6952,"F-Block, Sirsa - HSPCB",India,CPCB,Haryana State Pollution Control Board,False,True,Government Monitor
6953,"Sector-2 IMT, Manesar - HSPCB",India,CPCB,Haryana State Pollution Control Board,False,True,Government Monitor
6954,"Chikkaballapur Rural, Chikkaballapur - KSPCB",India,CPCB,Karnataka State Pollution Control Board,False,True,Government Monitor
6955,"Lal Bahadur Shastri Nagar, Kalaburagi - KSPCB",India,CPCB,Karnataka State Pollution Control Board,False,True,Government Monitor
6956,"Powai, Mumbai - MPCB",India,CPCB,Maharashtra Pollution Control Board,False,True,Government Monitor
6957,"Jawaharlal Nehru Stadium, Delhi - DPCC",India,CPCB,Delhi Pollution Control Committee,False,True,Government Monitor
6958,"Sector-18, Panipat - HSPCB",India,CPCB,Haryana State Pollution Control Board,False,True,Government Monitor
6959,"Siddharth Nagar-Worli, Mumbai - IITM",India,CPCB,Indian Institute of Tropical Meteorology,False,True,Government Monitor
6960,"Patparganj, Delhi - DPCC",India,CPCB,Delhi Pollution Control Committee,False,True,Government Monitor
6961,"Shrivastav Colony, Damoh - MPPCB",India,CPCB,Madhya Pradesh Pollution Control Board,False,True,Government Monitor
6962,"GIDC, Ankleshwar - GPCB",India,CPCB,Gujarat Pollution Control Board,False,True,Government Monitor
6963,"Police Lines, Jind - HSPCB",India,CPCB,Haryana State Pollution Control Board,False,True,Government Monitor
6964,"Patti Mehar, Ambala - HSPCB",India,CPCB,Haryana State Pollution Control Board,False,True,Government Monitor
6965,"Borivali East, Mumbai - MPCB",India,CPCB,Maharashtra Pollution Control Board,False,True,Government Monitor
6966,"Udyogamandal, Eloor - Kerala PCB",India,CPCB,Kerala State Pollution Control Board,False,True,Government Monitor
6967,"Sion, Mumbai - MPCB",India,CPCB,Maharashtra Pollution Control Board,False,True,Government Monitor
6968,"Phase-1 GIDC, Vapi - GPCB",India,CPCB,Gujarat Pollution Control Board,False,True,Government Monitor
6969,"Huda Sector, Fatehabad - HSPCB",India,CPCB,Haryana State Pollution Control Board,False,True,Government Monitor
6970,"Shastri Nagar, Narnaul - HSPCB",India,CPCB,Haryana State Pollution Control Board,False,True,Government Monitor
6971,"Rishi Nagar, Kaithal - HSPCB",India,CPCB,Haryana State Pollution Control Board,False,True,Government Monitor
6972,"Nathu Colony, Ballabgarh - HSPCB",India,CPCB,Haryana State Pollution Control Board,False,True,Government Monitor
6973,"Jayanagar 5th Block, Bengaluru - KSPCB",India,CPCB,Karnataka State Pollution Control Board,False,True,Government Monitor
6974,"Bapuji Nagar, Bengaluru - KSPCB",India,CPCB,Karnataka State Pollution Control Board,False,True,Government Monitor
6975,"Silk Board, Bengaluru - KSPCB",India,CPCB,Karnataka State Pollution Control Board,False,True,Government Monitor
6976,"Jai Bhim Nagar, Meerut - UPPCB",India,CPCB,Uttar Pradesh Pollution Control Board,False,True,Government Monitor
6978,"Knowledge Park - III, Greater Noida - UPPCB",India,CPCB,Uttar Pradesh Pollution Control Board,False,True,Government Monitor
6979,"New Collectorate, Baghpat - UPPCB",India,caaqm,Unknown Governmental Organization,False,True,Government Monitor
6980,"Sector-1, Noida - UPPCB",India,CPCB,Uttar Pradesh Pollution Control Board,False,True,Government Monitor
6981,"Fort William, Kolkata - WBPCB",India,CPCB,West Bengal Pollution Control Board,False,True,Government Monitor
6982,"Deshpande Nagar, Hubballi - KSPCB",India,CPCB,Karnataka State Pollution Control Board,False,True,Government Monitor
6983,"Hombegowda Nagar, Bengaluru - KSPCB",India,CPCB,Karnataka State Pollution Control Board,False,True,Government Monitor
6984,"Hebbal, Bengaluru - KSPCB",India,CPCB,Karnataka State Pollution Control Board,False,True,Government Monitor
6985,"Yamunapuram, Bulandshahr - UPPCB",India,CPCB,Uttar Pradesh Pollution Control Board,False,True,Government Monitor
6986,"Knowledge Park - V, Greater Noida - UPPCB",India,CPCB,Uttar Pradesh Pollution Control Board,False,True,Government Monitor
6987,"Vile Parle West, Mumbai - MPCB",India,CPCB,Maharashtra Pollution Control Board,False,True,Government Monitor
6988,"Sector-116, Noida - UPPCB",India,CPCB,Uttar Pradesh Pollution Control Board,False,True,Government Monitor
7005,"Loni, Ghaziabad - UPPCB",India,CPCB,Uttar Pradesh Pollution Control Board,False,True,Government Monitor
7044,"R K Puram, Delhi - DPCC",India,caaqm,Unknown Governmental Organization,False,True,Government Monitor
7140,"Gomti Nagar, Lucknow - UPPCB",India,CPCB,Uttar Pradesh Pollution Control Board,False,True,Government Monitor
7280,"Shyam Nagar, Palwal - HSPCB",India,CPCB,Haryana State Pollution Control Board,False,True,Government Monitor
7281,"Shyam Nagar, Palwal - HSPCB",India,caaqm,Unknown Governmental Organization,False,True,Government Monitor
7282,"Sector-7, Kurukshetra - HSPCB",India,CPCB,Haryana State Pollution Control Board,False,True,Government Monitor
7283,"MD University, Rohtak - HSPCB",India,CPCB,Haryana State Pollution Control Board,False,True,Government Monitor
7289,"Hebbal 1st Stage, Mysuru - KSPCB",India,CPCB,Karnataka State Pollution Control Board,False,True,Government Monitor
7292,"Chhoti Gwaltoli, Indore - MPPCB",India,CPCB,Madhya Pradesh Pollution Control Board,False,True,Government Monitor
7299,"Gole Bazar, Katni - MPPCB",India,caaqm,Unknown Governmental Organization,False,True,Government Monitor
7434,"East Arjun Nagar, Delhi - CPCB",India,caaqm,Unknown Governmental Organization,False,True,Government Monitor
7494,"SFTI Kusdihra, Gaya - BSPCB",India,CPCB,Bihar State Pollution Control Board,False,True,Government Monitor
7495,"DRM Office Danapur, Patna - BSPCB",India,CPCB,Bihar State Pollution Control Board,False,True,Government Monitor
7583,"ICRISAT Patancheru, Hyderabad - TSPCB",India,caaqm,Unknown Governmental Organization,False,True,Government Monitor
7720,"Pallavpuram Phase 2, Meerut - UPPCB",India,CPCB,Uttar Pradesh Pollution Control Board,False,True,Government Monitor
7752,"Khadakpada, Kalyan - MPCB",India,CPCB,Maharashtra Pollution Control Board,False,True,Government Monitor
7777,"Lal Bahadur Shastri Nagar, Kalaburagi - KSPCB",India,caaqm,Unknown Governmental Organization,False,True,Government Monitor
7833,"Ganga Nagar, Meerut - UPPCB",India,CPCB,Uttar Pradesh Pollution Control Board,False,True,Government Monitor
7850,"Bandra, Mumbai - MPCB",India,caaqm,Unknown Governmental Organization,False,True,Government Monitor
7880,"Sikulpuikawn, Aizawl - Mizoram PCB",India,CPCB,Mizoram Pollution Control Board,False,True,Government Monitor
7901,"Corporation Ground, Thrissur- Kerala PCB",India,CPCB,Kerala State Pollution Control Board,False,True,Government Monitor
7979,"Deen Dayal Nagar, Sagar - MPPCB",India,CPCB,Madhya Pradesh Pollution Control Board,False,True,Government Monitor
8035,"Ibrahimpur, Vijayapura - KSPCB",India,CPCB,Karnataka State Pollution Control Board,False,True,Government Monitor
8039,Mumbai,India,AirNow,Unknown Governmental Organization,False,True,Government Monitor
8092,"East Arjun Nagar, Delhi - CPCB",India,caaqm,Unknown Governmental Organization,False,True,Government Monitor
8118,New Delhi,India,AirNow,Unknown Governmental Organization,False,True,Government Monitor
8153,"Urban, Chamarajanagar - KSPCB",India,CPCB,Karnataka State Pollution Control Board,False,True,Government Monitor
8171,"GIDC, Nandesari - Nandesari Ind. Association",India,CPCB,Nandesari Industries Association,False,True,Government Monitor
8172,US Diplomatic Post: Kolkata,India,StateAir Kolkata,Unknown Governmental Organization,False,True,Government Monitor
8190,"Kariavattom, Thiruvananthapuram - Kerala PCB",India,CPCB,Kerala State Pollution Control Board,False,True,Government Monitor
8235,"Jahangirpuri, Delhi - DPCC",India,CPCB,Delhi Pollution Control Committee,False,True,Government Monitor
8239,"Okhla Phase-2, Delhi - DPCC",India,CPCB,Delhi Pollution Control Committee,False,True,Government Monitor
8245,"Gole Bazar, Katni - MPPCB",India,CPCB,Madhya Pradesh Pollution Control Board,False,True,Government Monitor
8319,"Anand Vihar, Hapur - UPPCB",India,CPCB,Uttar Pradesh Pollution Control Board,False,True,Government Monitor
8365,"Nehru Nagar, Delhi - DPCC",India,CPCB,Delhi Pollution Control Committee,False,True,Government Monitor
8472,"Bawana, Delhi - DPCC",India,CPCB,Delhi Pollution Control Committee,False,True,Government Monitor
8475,"Sonia Vihar, Delhi - DPCC",India,CPCB,Delhi Pollution Control Committee,False,True,Government Monitor
8557,Hyderabad,India,AirNow,Unknown Governmental Organization,False,True,Government Monitor
8558,Chennai,India,AirNow,Unknown Governmental Organization,False,True,Government Monitor
8914,"SIDCO Kurichi, Coimbatore - TNPCB",India,CPCB,Tamil Nadu Pollution Control Board,False,True,Government Monitor
8915,"Wazirpur, Delhi - DPCC",India,CPCB,Delhi Pollution Control Committee,False,True,Government Monitor
8916,"Vyttila, Kochi - Kerala PCB",India,caaqm,Unknown Governmental Organization,False,True,Government Monitor
8917,"Ashok Vihar, Delhi - DPCC",India,CPCB,Delhi Pollution Control Committee,False,True,Government Monitor
10484,"Sri Aurobindo Marg, Delhi - DPCC",India,CPCB,Delhi Pollution Control Committee,False,True,Government Monitor
10485,"Narela, Delhi - DPCC",India,CPCB,Delhi Pollution Control Committee,False,True,Government Monitor
10486,"Mundka, Delhi - DPCC",India,CPCB,Delhi Pollution Control Committee,False,True,Government Monitor
10487,"Anand Vihar, Delhi - DPCC",India,caaqm,Unknown Governmental Organization,False,True,Government Monitor
10488,"Najafgarh, Delhi - DPCC",India,CPCB,Delhi Pollution Control Committee,False,True,Government Monitor
10489,"ITO, Delhi - CPCB",India,caaqm,Unknown Governmental Organization,False,True,Government Monitor
10537,"Vidayagiri, Bagalkot - KSPCB",India,CPCB,Karnataka State Pollution Control Board,False,True,Government Monitor
10545,"Civil Lines, Ajmer - RSPCB",India,CPCB,Rajasthan State Pollution Control Board,False,True,Government Monitor
10599,"Rajbansi Nagar, Patna - BSPCB",India,CPCB,Bihar State Pollution Control Board,False,True,Government Monitor
10609,"Hebbal 1st Stage, Mysuru - KSPCB",India,caaqm,Unknown Governmental Organization,False,True,Government Monitor
10630,"Govt. High School Shikarpur, Patna - BSPCB",India,CPCB,Bihar State Pollution Control Board,False,True,Government Monitor
10633,"Victoria, Kolkata - WBPCB",India,CPCB,West Bengal Pollution Control Board,False,True,Government Monitor
10645,"Industrial Area, Hajipur - BSPCB",India,CPCB,Bihar State Pollution Control Board,False,True,Government Monitor
10670,"Muradpur, Patna - BSPCB",India,CPCB,Bihar State Pollution Control Board,False,True,Government Monitor
10695,"Ratanpura, Rupnagar - Ambuja Cements",India,caaqm,Unknown Governmental Organization,False,True,Government Monitor
10697,"Samanpura, Patna - BSPCB",India,CPCB,Bihar State Pollution Control Board,False,True,Government Monitor
10725,"Mini Secretariat, Charkhi Dadri - HSPCB",India,CPCB,Haryana State Pollution Control Board,False,True,Government Monitor
10747,"Thavakkara, Kannur - Kerala PCB",India,CPCB,Kerala State Pollution Control Board,False,True,Government Monitor
10780,"Manali Village, Chennai - TNPCB",India,CPCB,Tamil Nadu Pollution Control Board,False,True,Government Monitor
10820,"Sector 30, Faridabad - HSPCB",India,CPCB,Haryana State Pollution Control Board,False,True,Government Monitor
10823,"Buddha Colony, Muzaffarpur - BSPCB",India,CPCB,Bihar State Pollution Control Board,False,True,Government Monitor
10825,"Sector-51, Gurugram - HSPCB",India,CPCB,Haryana State Pollution Control Board,False,True,Government Monitor
10831,"Rohini, Delhi - DPCC",India,CPCB,Delhi Pollution Control Committee,False,True,Government Monitor
10844,"Ghusuri, Howrah - WBPCB",India,CPCB,West Bengal Pollution Control Board,False,True,Government Monitor
10851,"Bidhannagar, Kolkata - WBPCB",India,CPCB,West Bengal Pollution Control Board,False,True,Government Monitor
10895,"Lumpyngngad, Shillong - Meghalaya PCB",India,CPCB,Meghalaya State Pollution Control Board,False,True,Government Monitor
10896,"Chhoti Gwaltoli, Indore - MPPCB",India,caaqm,Unknown Governmental Organization,False,True,Government Monitor
10897,"ICRISAT Patancheru, Hyderabad - TSPCB",India,caaqm,Unknown Governmental Organization,False,True,Government Monitor
10898,"Palayam, Kozhikode - Kerala PCB",India,caaqm,Unknown Governmental Organization,False,True,Government Monitor
10900,"Teri Gram, Gurugram - HSPCB",India,CPCB,Haryana State Pollution Control Board,False,True,Government Monitor
10901,"PWD Juction, Kohima - NPCB",India,CPCB,Nagaland Pollution Control Board,False,True,Government Monitor
10902,"Kalyana Nagara, Chikkamagaluru - KSPCB",India,CPCB,Karnataka State Pollution Control Board,False,True,Government Monitor
10903,"Railway Colony, Guwahati - APCB",India,CPCB,Unknown Governmental Organization,False,True,Government Monitor
10904,"Rabindra Sarobar, Kolkata - WBPCB",India,CPCB,West Bengal Pollution Control Board,False,True,Government Monitor
10905,"Rishi Nagar, Kaithal - HSPCB",India,caaqm,Unknown Governmental Organization,False,True,Government Monitor
10906,"Murthal, Sonipat - HSPCB",India,caaqm,Unknown Governmental Organization,False,True,Government Monitor
10907,"City Center, Gwalior - MPPCB",India,CPCB,Madhya Pradesh Pollution Control Board,False,True,Government Monitor
10908,"Sector 11, Faridabad - HSPCB",India,CPCB,Haryana State Pollution Control Board,False,True,Government Monitor
10909,"Vijay Nagar, Ramanagara - KSPCB",India,CPCB,Karnataka State Pollution Control Board,False,True,Government Monitor
10910,"Sector-12, Karnal - HSPCB",India,CPCB,Haryana State Pollution Control Board,False,True,Government Monitor
10911,"Marhatal, Jabalpur - MPPCB",India,CPCB,Madhya Pradesh Pollution Control Board,False,True,Government Monitor
10912,"Phool Bagh, Gwalior - Mondelez Ind. Food",India,CPCB,Mondelez India Foods,False,True,Government Monitor
10913,"T T Nagar, Bhopal - MPPCB",India,CPCB,Madhya Pradesh Pollution Control Board,False,True,Government Monitor
10914,"Sector-25, Chandigarh - CPCC",India,CPCB,Chandigarh Pollution Control Committee,False,True,Government Monitor
10915,"Polayathode, Kollam - Kerala PCB",India,CPCB,Kerala State Pollution Control Board,False,True,Government Monitor
10916,"Kacheripady, Ernakulam - Kerala PCB",India,caaqm,Unknown Governmental Organization,False,True,Government Monitor
10917,"Sahilara, Maihar - KJS Cements",India,CPCB,KJS Concrete,False,True,Government Monitor
10918,"Ballygunge, Kolkata - WBPCB",India,CPCB,West Bengal Pollution Control Board,False,True,Government Monitor
10919,"Sanjay Nagar, Ghaziabad - UPPCB",India,CPCB,Uttar Pradesh Pollution Control Board,False,True,Government Monitor
10920,"New Industrial Town, Faridabad - HSPCB",India,CPCB,Haryana State Pollution Control Board,False,True,Government Monitor
10921,"NISE Gwal Pahari, Gurugram - IMD",India,CPCB,India Meteorological Department,False,True,Government Monitor
11577,"Vinoba Nagara, Shivamogga - KSPCB",India,CPCB,Karnataka State Pollution Control Board,False,True,Government Monitor
11578,"Royapuram, Chennai - TNPCB",India,CPCB,Tamil Nadu Pollution Control Board,False,True,Government Monitor
11579,"Kodungaiyur, Chennai - TNPCB",India,CPCB,Tamil Nadu Pollution Control Board,False,True,Government Monitor
11580,"Meelavittan, Thoothukudi - TNPCB",India,CPCB,Tamil Nadu Pollution Control Board,False,True,Government Monitor
11581,"Arumbakkam, Chennai - TNPCB",India,CPCB,Tamil Nadu Pollution Control Board,False,True,Government Monitor
11582,"Stuart Hill, Madikeri - KSPCB",India,CPCB,Karnataka State Pollution Control Board,False,True,Government Monitor
11583,"Kunjaban, Agartala - Tripura SPCB",India,caaqm,Unknown Governmental Organization,False,True,Government Monitor
11602,"Bandra Kurla Complex, Mumbai - IITM",India,caaqm,Unknown Governmental Organization,False,True,Government Monitor
11603,"Chandni Chowk, Delhi - IITM",India,CPCB,Indian Institute of Tropical Meteorology,False,True,Government Monitor
11604,"Deonar, Mumbai - IITM",India,caaqm,Unknown Governmental Organization,False,True,Government Monitor
11606,"Borivali East, Mumbai - IITM",India,CPCB,Indian Institute of Tropical Meteorology,False,True,Government Monitor
11607,"Lodhi Road, Delhi - IITM",India,CPCB,Indian Institute of Tropical Meteorology,False,True,Government Monitor
11608,"Bhosari, Pune - IITM",India,caaqm,Unknown Governmental Organization,False,True,Government Monitor
11609,"Mhada Colony, Pune - IITM",India,CPCB,Indian Institute of Tropical Meteorology,False,True,Government Monitor
11610,"Transport Nagar-Nigdi, Pune - IITM",India,CPCB,Indian Institute of Tropical Meteorology,False,True,Government Monitor
11611,"Malad West, Mumbai - IITM",India,CPCB,Indian Institute of Tropical Meteorology,False,True,Government Monitor
11612,"Sector-19A Nerul, Navi Mumbai - IITM",India,caaqm,Unknown Governmental Organization,False,True,Government Monitor
11613,"Revenue Colony-Shivajinagar, Pune - IITM",India,CPCB,Indian Institute of Tropical Meteorology,False,True,Government Monitor
12024,"Chakala-Andheri East, Mumbai - IITM",India,CPCB,Indian Institute of Tropical Meteorology,False,True,Government Monitor
12039,"Khindipada-Bhandup West, Mumbai - IITM",India,CPCB,Indian Institute of Tropical Meteorology,False,True,Government Monitor
12040,"Mulund West, Mumbai - MPCB",India,CPCB,Maharashtra Pollution Control Board,False,True,Government Monitor
12041,"Diwator Nagar, Koppal - KSPCB",India,CPCB,Karnataka State Pollution Control Board,False,True,Government Monitor
12042,"Alandi, Pune - IITM",India,CPCB,Indian Institute of Tropical Meteorology,False,True,Government Monitor
12043,"Haji Colony, Raichur - KSPCB",India,CPCB,Karnataka State Pollution Control Board,False,True,Government Monitor
12044,"Kandivali East, Mumbai - MPCB",India,CPCB,Maharashtra Pollution Control Board,False,True,Government Monitor
12045,"IITK, Kanpur - IITK",India,caaqm,Unknown Governmental Organization,False,True,Government Monitor
12046,"Perungudi, Chennai - TNPCB",India,CPCB,Tamil Nadu Pollution Control Board,False,True,Government Monitor
42240,"Pan Bazaar, Guwahati - APCB",India,CPCB,Unknown Governmental Organization,False,True,Government Monitor
44513,"Kadri, Mangalore - KSPCB",India,CPCB,Karnataka State Pollution Control Board,False,True,Government Monitor
44514,"Naubad, Bidar - KSPCB",India,CPCB,Karnataka State Pollution Control Board,False,True,Government Monitor
44515,"Panchal Nagar, Gadag - KSPCB",India,CPCB,Karnataka State Pollution Control Board,False,True,Government Monitor
45008,"Anthoni Pillai Nagar, Gummidipoondi - TNPCB",India,CPCB,Tamil Nadu Pollution Control Board,False,True,Government Monitor
60656,"Tamaka Ind. Area, Kolar - KSPCB",India,CPCB,Karnataka State Pollution Control Board,False,True,Government Monitor
60657,"Devaraj Urs Badavane, Davanagere - KSPCB",India,CPCB,Karnataka State Pollution Control Board,False,True,Government Monitor
60658,"Hadapsar, Pune - IITM",India,CPCB,Indian Institute of Tropical Meteorology,False,True,Government Monitor
60659,"Jawahar Nagar, Puducherry - PPCC",India,CPCB,Puducherry Pollution Control Committee,False,True,Government Monitor
60660,"MIT-Kothrud, Pune - IITM",India,caaqm,Unknown Governmental Organization,False,True,Government Monitor
60661,"Siddharth Nagar-Worli, Mumbai - IITM",India,caaqm,Unknown Governmental Organization,False,True,Government Monitor
220265,"Rajbagh, Srinagar - JKSPCB",India,CPCB,Jammu and Kashmir Pollution Control Board,False,True,Government Monitor
220353,"Brahmagiri, Udupi - KSPCB",India,CPCB,Karnataka State Pollution Control Board,False,True,Government Monitor
223145,"B.Katihalli, Hassan - KSPCB",India,caaqm,Unknown Governmental Organization,False,True,Government Monitor
223146,"Naharlagun, Naharlagun - APSPCB",India,CPCB,Arunachal Pradesh State Pollution Control Board,False,True,Government Monitor
227384,"Jhunsi, Prayagraj - UPPCB",India,CPCB,Uttar Pradesh Pollution Control Board,False,True,Government Monitor
227386,"B R Ambedkar University, Lucknow - UPPCB",India,CPCB,Uttar Pradesh Pollution Control Board,False,True,Government Monitor
227387,"Motilal Nehru NIT, Prayagraj - UPPCB",India,CPCB,Uttar Pradesh Pollution Control Board,False,True,Government Monitor
227533,"Rakhial, Ahmedabad - IITM",India,CPCB,Indian Institute of Tropical Meteorology,False,True,Government Monitor
227534,"Gyaspur, Ahmedabad - IITM",India,CPCB,Indian Institute of Tropical Meteorology,False,True,Government Monitor
227535,"Manoharpur, Agra - UPPCB",India,CPCB,Uttar Pradesh Pollution Control Board,False,True,Government Monitor
227536,"Chandkheda, Ahmedabad - IITM",India,CPCB,Indian Institute of Tropical Meteorology,False,True,Government Monitor
227931,"Sector-3B Avas Vikas Colony, Agra - UPPCB",India,CPCB,Uttar Pradesh Pollution Control Board,False,True,Government Monitor
228297,"SVPI Airport Hansol, Ahmedabad - IITM",India,CPCB,Indian Institute of Tropical Meteorology,False,True,Government Monitor
228298,"Sardar Vallabhbhai Patel Stadium, Ahmedabad - IITM",India,CPCB,Indian Institute of Tropical Meteorology,False,True,Government Monitor
228299,"GIFT City, Gandhinagar - IITM",India,caaqm,Unknown Governmental Organization,False,True,Government Monitor
228300,"SAC ISRO Satellite, Ahmedabad - IITM",India,CPCB,Indian Institute of Tropical Meteorology,False,True,Government Monitor
228301,"IIPHG Lekawada, Gandhinagar - IITM",India,CPCB,Indian Institute of Tropical Meteorology,False,True,Government Monitor
228303,"SAC ISRO Bopal, Ahmedabad - IITM",India,CPCB,Indian Institute of Tropical Meteorology,False,True,Government Monitor
228352,"Shastripuram, Agra - UPPCB",India,CPCB,Uttar Pradesh Pollution Control Board,False,True,Government Monitor
228397,"IESD Banaras Hindu University, Varanasi - UPPCB",India,CPCB,Uttar Pradesh Pollution Control Board,False,True,Government Monitor
228403,"Bhelupur, Varanasi - UPPCB",India,CPCB,Uttar Pradesh Pollution Control Board,False,True,Government Monitor
228840,"Madan Mohan Malaviya University of Technology, Gorakhpur - UPPCB",India,CPCB,Uttar Pradesh Pollution Control Board,False,True,Government Monitor
229195,"Maldahiya, Varanasi - UPPCB",India,CPCB,Uttar Pradesh Pollution Control Board,False,True,Government Monitor
229252,"NSI Kalyanpur, Kanpur - UPPCB",India,CPCB,Uttar Pradesh Pollution Control Board,False,True,Government Monitor
229404,"Kukrail Picnic Spot-1, Lucknow - UPPCB",India,CPCB,Uttar Pradesh Pollution Control Board,False,True,Government Monitor
229473,blore_India_07_14_official,India,HabitatMap,Unknown Community Organization,False,False,HabitatMap Sensor
229728,"Kamalnath Nagar, Bettiah - BSPCB",India,CPCB,Bihar State Pollution Control Board,False,True,Government Monitor
229729,"Nagla Bhau, Firozabad - UPPCB",India,CPCB,Uttar Pradesh Pollution Control Board,False,True,Government Monitor
229730,"Town Hall - Lal Bagh, Darbhanga - BSPCB",India,caaqm,Unknown Governmental Organization,False,True,Government Monitor
229731,"Gandak Colony, Motihari - BSPCB",India,CPCB,Bihar State Pollution Control Board,False,True,Government Monitor
229985,"D M Colony, Bihar Sharif - BSPCB",India,CPCB,Bihar State Pollution Control Board,False,True,Government Monitor
229987,"MIT-Daudpur Kothi, Muzaffarpur - BSPCB",India,CPCB,Bihar State Pollution Control Board,False,True,Government Monitor
233414,"Omex Eternity, Vrindavan - UPPCB",India,CPCB,Uttar Pradesh Pollution Control Board,False,True,Government Monitor
233415,"Sector 22, Chandigarh - CPCC",India,CPCB,Chandigarh Pollution Control Committee,False,True,Government Monitor
233416,"Nagar Nigam, Prayagraj - UPPCB",India,CPCB,Uttar Pradesh Pollution Control Board,False,True,Government Monitor
234568,"FTI Kidwai Nagar, Kanpur - UPPCB",India,CPCB,Uttar Pradesh Pollution Control Board,False,True,Government Monitor
234997,"Dharmapuri, Agra - UPPCB",India,CPCB,Uttar Pradesh Pollution Control Board,False,True,Government Monitor
236406,"Mangala, Bilaspur - CECB",India,CPCB,Chhattisgarh Environment Conservation Board,False,True,Government Monitor
270697,"Employment Office, Moradabad - UPPCB",India,CPCB,Uttar Pradesh Pollution Control Board,False,True,Government Monitor
270703,"Dada Peer, Sasaram - BSPCB",India,CPCB,Bihar State Pollution Control Board,False,True,Government Monitor
270704,"Town Hall, Munger - BSPCB",India,CPCB,Bihar State Pollution Control Board,False,True,Government Monitor
270708,"Civic Center, Bhilai - Bhilai Steel Plant",India,CPCB,Bhilai Steel Plant,False,True,Government Monitor
270720,"Mirchaibari, Katihar - BSPCB",India,CPCB,Bihar State Pollution Control Board,False,True,Government Monitor
270721,"Mayaganj, Bhagalpur - BSPCB",India,CPCB,Bihar State Pollution Control Board,False,True,Government Monitor
270722,"Central Jail, Buxar - BSPCB",India,caaqm,Unknown Governmental Organization,False,True,Government Monitor
270723,"DM Office_Kachari Chowk, Bhagalpur - BSPCB",India,CPCB,Bihar State Pollution Control Board,False,True,Government Monitor
270724,"Kareemganj, Gaya - BSPCB",India,CPCB,Bihar State Pollution Control Board,False,True,Government Monitor
270725,"Mariam Nagar, Purnia - BSPCB",India,CPCB,Bihar State Pollution Control Board,False,True,Government Monitor
270726,"Chitragupta Nagar, Siwan - BSPCB",India,CPCB,Bihar State Pollution Control Board,False,True,Government Monitor
270727,"SDM Office_Khagra, Kishanganj - BSPCB",India,CPCB,Bihar State Pollution Control Board,False,True,Government Monitor
270728,"Police Line, Saharsa - BSPCB",India,CPCB,Bihar State Pollution Control Board,False,True,Government Monitor
270729,"Darshan Nagar, Chhapra - BSPCB",India,CPCB,Bihar State Pollution Control Board,False,True,Government Monitor
270730,"Dangi Tola, Rajgir - BSPCB",India,CPCB,Bihar State Pollution Control Board,False,True,Government Monitor
270737,"Forest Rest House, Manguraha - BSPCB",India,CPCB,Bihar State Pollution Control Board,False,True,Government Monitor
270771,"Buddhi Vihar, Moradabad - UPPCB",India,CPCB,Uttar Pradesh Pollution Control Board,False,True,Government Monitor
270774,"New DM Office, Arrah - BSPCB",India,CPCB,Bihar State Pollution Control Board,False,True,Government Monitor
270775,"Kharahiya Basti, Araria - BSPCB",India,CPCB,Bihar State Pollution Control Board,False,True,Government Monitor
270777,"Jigar Colony, Moradabad - UPPCB",India,CPCB,Uttar Pradesh Pollution Control Board,False,True,Government Monitor
270877,"Eco Herbal Park, Moradabad - UPPCB",India,CPCB,Uttar Pradesh Pollution Control Board,False,True,Government Monitor
278159,"Rohta, Agra - UPPCB",India,CPCB,Uttar Pradesh Pollution Control Board,False,True,Government Monitor
278418,"Sector-53, Chandigarh - CPCC",India,CPCB,Chandigarh Pollution Control Committee,False,True,Government Monitor
278671,"Shivaji Nagar, Jhansi - UPPCB",India,CPCB,Uttar Pradesh Pollution Control Board,False,True,Government Monitor
301387,"Raikhad, Ahmedabad - IITM",India,CPCB,Indian Institute of Tropical Meteorology,False,True,Government Monitor
301388,"Sardar Patel Inter College, Baghpat - UPPCB",India,CPCB,Uttar Pradesh Pollution Control Board,False,True,Government Monitor
301389,"HIMUDA Complex Phase-1, Baddi - HPPCB",India,CPCB,H.P. State Pollution Control Board,False,True,Government Monitor
301390,"Bardowali, Agartala - Tripura SPCB",India,CPCB,Tripura State Pollution Control Board,False,True,Government Monitor
301391,"DM Office_Kasipur, Samastipur - BSPCB",India,CPCB,Bihar State Pollution Control Board,False,True,Government Monitor
301670,"Collector Office, Yadgir - KSPCB",India,CPCB,Karnataka State Pollution Control Board,False,True,Government Monitor
304956,"Gurdeo Nagar, Aurangabad - BSPCB",India,CPCB,Bihar State Pollution Control Board,False,True,Government Monitor
306252,"DRCC Anandpur, Begusarai - BSPCB",India,caaqm,Unknown Governmental Organization,False,True,Government Monitor
307463,"Zero Point GICI, Gangtok - SSPCB",India,caaqm,Unknown Governmental Organization,False,True,Government Monitor
309803,"Ashwini Nagar, Haveri - KSPCB",India,caaqm,Unknown Governmental Organization,False,True,Government Monitor
313410,"DM College of Science, Imphal - Manipur PCB",India,caaqm,Unknown Governmental Organization,False,True,Government Monitor
313411,"JN Stadium, Shillong - Meghalaya PCB",India,CPCB,Meghalaya State Pollution Control Board,False,True,Government Monitor
313923,"Manipur University, Imphal - Manipur PCB",India,caaqm,Unknown Governmental Organization,False,True,Government Monitor
317035,"Doon University, Dehradun - UKPCB",India,CPCB,Uttarakhand Pollution Control Board,False,True,Government Monitor
330021,"Vibhab Nagar, Firozabad - UPPCB",India,CPCB,Uttar Pradesh Pollution Control Board,False,True,Government Monitor
344103,"ECIL Kapra, Hyderabad - TSPCB",India,CPCB,Telangana State Pollution Control Board,False,True,Government Monitor
344104,"Kompally Municipal Office, Hyderabad - TSPCB",India,CPCB,Telangana State Pollution Control Board,False,True,Government Monitor
344140,"Somajiguda, Hyderabad - TSPCB",India,CPCB,Telangana State Pollution Control Board,False,True,Government Monitor
344142,"Nacharam_TSIIC IALA, Hyderabad - TSPCB",India,CPCB,Telangana State Pollution Control Board,False,True,Government Monitor
344144,"IITH Kandi, Hyderabad - TSPCB",India,CPCB,Telangana State Pollution Control Board,False,True,Government Monitor
346257,"Ramachandrapuram, Hyderabad - TSPCB",India,CPCB,Telangana State Pollution Control Board,False,True,Government Monitor
346258,"Kokapet, Hyderabad - TSPCB",India,CPCB,Telangana State Pollution Control Board,False,True,Government Monitor
346438,"Rajendra Nagar, Bareilly - UPPCB",India,CPCB,Uttar Pradesh Pollution Control Board,False,True,Government Monitor
346439,"Kalindi Kunj, Khurja - UPPCB",India,CPCB,Uttar Pradesh Pollution Control Board,False,True,Government Monitor
352465,"New Malakpet, Hyderabad - TSPCB",India,CPCB,Telangana State Pollution Control Board,False,True,Government Monitor
352777,"Kashiram Nagar, Moradabad - UPPCB",India,CPCB,Uttar Pradesh Pollution Control Board,False,True,Government Monitor
353715,"Transport Nagar, Moradabad - UPPCB",India,CPCB,Uttar Pradesh Pollution Control Board,False,True,Government Monitor
358448,"Kumaran College, Tirupur - TNPCB",India,CPCB,Tamil Nadu Pollution Control Board,False,True,Government Monitor
358450,"Bombay Castel, Ooty - TNPCB",India,CPCB,Tamil Nadu Pollution Control Board,False,True,Government Monitor
358451,"Vasanthapuram, Vellore - TNPCB",India,caaqm,Unknown Governmental Organization,False,True,Government Monitor
358452,"Chalai Bazaar, Ramanathapuram - TNPCB",India,CPCB,Tamil Nadu Pollution Control Board,False,True,Government Monitor
358453,"Mendonsa Colony, Dindigul - TNPCB",India,CPCB,Tamil Nadu Pollution Control Board,False,True,Government Monitor
358454,"SIPCOT Phase-1, Hosur - TNPCB",India,caaqm,Unknown Governmental Organization,False,True,Government Monitor
358455,"Sona College of Technology, Salem - TNPCB",India,caaqm,Unknown Governmental Organization,False,True,Government Monitor
358456,"Gulzarpet, Anantapur - APPCB",India,CPCB,Andhra Pradesh Pollution Control Board,False,True,Government Monitor
358457,"PSG College of Arts and Science, Coimbatore - TNPCB",India,CPCB,Tamil Nadu Pollution Control Board,False,True,Government Monitor
358467,"Civil Lines, Bareilly - UPPCB",India,CPCB,Uttar Pradesh Pollution Control Board,False,True,Government Monitor
358627,"Crescent University, Chengalpattu - TNPCB",India,CPCB,Tamil Nadu Pollution Control Board,False,True,Government Monitor
358665,"Ramteerth Nagar, Belgaum - KSPCB",India,CPCB,Karnataka State Pollution Control Board,False,True,Government Monitor
361378,"Paryavaran Parisar, Bhopal - MPPCB",India,CPCB,Madhya Pradesh Pollution Control Board,False,True,Government Monitor
361411,"IITG, Guwahati - PCBA",India,caaqm,Unknown Governmental Organization,False,True,Government Monitor
363601,"Girls College, Sivasagar - PCBA",India,CPCB,Assam Pollution Control Board,False,True,Government Monitor
1236037,Dhopagachi,India,AirGradient,Unknown Governmental Organization,False,False,AirGradient Sensor
1285345,SPARTAN - IIT Kanpur,India,SPARTAN Network,Unknown Governmental Organization,False,True,Government Monitor
2498781,SiriJaya,India,AirGradient,Unknown Person,False,False,AirGradient Sensor
2860223,GK1 (Oberoi Terrace),India,AirGradient,Unknown Person,False,False,AirGradient Sensor
3024966,NASA GSFC Rutgers Calib. N8,India,Clarity,Clarity,False,False,Clarity Sensor
3174188,Malav,India,Clean Air Catalyst,Clean Air Catalyst,False,True,Serinus 30
3174189,Bicholi Hapsi,India,Clean Air Catalyst,Clean Air Catalyst,False,True,BAM 1020
3174190,Musakhedi,India,Clean Air Catalyst,Clean Air Catalyst,False,True,BAM 1020
3409317,"Chauhan Colony, Chandrapur - MPCB",India,CPCB,Maharashtra Pollution Control Board,False,True,Government Monitor
3409318,"Central School, Lucknow - CPCB",India,CPCB,Central Pollution Control Board,False,True,Government Monitor
3409319,"Alandur Bus Depot, Chennai - CPCB",India,CPCB,Central Pollution Control Board,False,True,Government Monitor
3409320,"Rabindra Bharati University, Kolkata - WBPCB",India,CPCB,West Bengal Pollution Control Board,False,True,Government Monitor
3409321,Haldia - WBSPCB,India,CPCB,Bihar State Pollution Control Board,False,True,Government Monitor
3409322,"Pimpleshwar Mandir, Thane - MPCB",India,CPCB,Maharashtra Pollution Control Board,False,True,Government Monitor
3409323,"Worli, Mumbai - MPCB",India,CPCB,Maharashtra Pollution Control Board,False,True,Government Monitor
3409328,"Bandra Kurla Complex, Mumbai - IITM",India,CPCB,Indian Institute of Tropical Meteorology,False,True,Government Monitor
3409329,"Deonar, Mumbai - IITM",India,CPCB,Indian Institute of Tropical Meteorology,False,True,Government Monitor
3409331,"Bhosari, Pune - IITM",India,CPCB,Indian Institute of Tropical Meteorology,False,True,Government Monitor
3409334,"Ashwini Nagar, Haveri - KSPCB",India,CPCB,Karnataka State Pollution Control Board,False,True,Government Monitor
3409335,"B.Katihalli, Hassan - KSPCB",India,CPCB,Karnataka State Pollution Control Board,False,True,Government Monitor
3409336,"GIFT City, Gandhinagar - IITM",India,CPCB,Indian Institute of Tropical Meteorology,False,True,Government Monitor
3409338,"DRCC Anandpur, Begusarai - BSPCB",India,CPCB,Bihar State Pollution Control Board,False,True,Government Monitor
3409339,"Central Jail, Buxar - BSPCB",India,CPCB,Bihar State Pollution Control Board,False,True,Government Monitor
3409340,"Zero Point GICI, Gangtok - SSPCB",India,CPCB,OpenAQ admin,False,True,Government Monitor
3409341,"Manipur University, Imphal - Manipur PCB",India,CPCB,OpenAQ admin,False,True,Government Monitor
3409342,"DM College of Science, Imphal - Manipur PCB",India,CPCB,OpenAQ admin,False,True,Government Monitor
3409343,"Keelapalur, Ariyalur - TNPCB",India,CPCB,Tamil Nadu Pollution Control Board,False,True,Government Monitor
3409344,"Municipal Corporation Office, Tirunelveli - TNPCB",India,CPCB,Tamil Nadu Pollution Control Board,False,True,Government Monitor
3409345,"Parisutham Nagar, Thanjavur - TNPCB",India,CPCB,Tamil Nadu Pollution Control Board,False,True,Government Monitor
3409346,"Semmandalam, Cuddalore - TNPCB",India,CPCB,Tamil Nadu Pollution Control Board,False,True,Government Monitor
3409347,"SIPCOT Phase-1, Hosur - TNPCB",India,CPCB,Tamil Nadu Pollution Control Board,False,True,Government Monitor
3409348,"Uchapatti, Madurai - TNPCB",India,CPCB,Tamil Nadu Pollution Control Board,False,True,Government Monitor
3409349,"Vasanthapuram, Vellore - TNPCB",India,CPCB,Tamil Nadu Pollution Control Board,False,True,Government Monitor
3409350,"Velippalayam, Nagapattinam - TNPCB",India,CPCB,Tamil Nadu Pollution Control Board,False,True,Government Monitor
3409351,"VOC Nagar_SIPCOT, Ranipet - TNPCB",India,CPCB,Tamil Nadu Pollution Control Board,False,True,Government Monitor
3409353,"Kilambi, Kanchipuram - TNPCB",India,CPCB,Tamil Nadu Pollution Control Board,False,True,Government Monitor
3409354,"Kudikadu, Cuddalore - TNPCB",India,CPCB,Tamil Nadu Pollution Control Board,False,True,Government Monitor
3409355,"Sona College of Technology, Salem - TNPCB",India,CPCB,Tamil Nadu Pollution Control Board,False,True,Government Monitor
3409356,"Bharathidasan University, Palkalaiperur - TNPCB",India,CPCB,Tamil Nadu Pollution Control Board,False,True,Government Monitor
3409357,"Kamadenu Nagar, Karur - TNPCB",India,CPCB,Tamil Nadu Pollution Control Board,False,True,Government Monitor
3409358,"St Joseph College, Tiruchirappalli - TNPCB",India,CPCB,Tamil Nadu Pollution Control Board,False,True,Government Monitor
3409359,"Kalabhavan, Dharwad - KSPCB",India,CPCB,Karnataka State Pollution Control Board,False,True,Government Monitor
3409360,"IITG, Guwahati - PCBA",India,CPCB,Assam Pollution Control Board,False,True,Government Monitor
3409361,"AIIMS, Raipur - CECB",India,CPCB,Chhattisgarh Environment Conservation Board,False,True,Government Monitor
3409362,"Siltara Phase-II, Raipur - CECB",India,CPCB,Chhattisgarh Environment Conservation Board,False,True,Government Monitor
3409363,"Krishak Nagar, Raipur - CECB",India,CPCB,Chhattisgarh Environment Conservation Board,False,True,Government Monitor
3409364,"Bhatagaon New ISBT, Raipur - CECB",India,CPCB,Chhattisgarh Environment Conservation Board,False,True,Government Monitor
3409365,"Rampur, Korba - CECB",India,CPCB,Chhattisgarh Environment Conservation Board,False,True,Government Monitor
3409366,"Urja Nagar, Korba - CECB",India,CPCB,Chhattisgarh Environment Conservation Board,False,True,Government Monitor
3409367,"Hathkhoj, Bhilai - CECB",India,CPCB,Chhattisgarh Environment Conservation Board,False,True,Government Monitor
3409368,"32Bungalows, Bhilai - CECB",India,CPCB,Chhattisgarh Environment Conservation Board,False,True,Government Monitor
3409369,"Maharaj Bada, Gwalior - MPPCB",India,CPCB,Madhya Pradesh Pollution Control Board,False,True,Government Monitor
3409370,"Civil Lines, Sagar - MPPCB",India,CPCB,Madhya Pradesh Pollution Control Board,False,True,Government Monitor
3409371,"Science Center, Surat - SMC",India,CPCB,Surat Municipal Corporation,False,True,Government Monitor
3409372,"Gangineni Cheruvu, Chittoor - APPCB",India,CPCB,Andhra Pradesh Pollution Control Board,False,True,Government Monitor
3409373,"Vaikuntapuram, Tirupathi - APPCB",India,CPCB,Andhra Pradesh Pollution Control Board,False,True,Government Monitor
3409374,"Deen Dayal Nagar, Gwalior - MPPCB",India,CPCB,Madhya Pradesh Pollution Control Board,False,True,Government Monitor
3409375,"Bata Chowk, Nalbari - PCBA",India,CPCB,Assam Pollution Control Board,False,True,Government Monitor
3409376,"Central Academy for SFS, Byrnihat - PCBA",India,CPCB,Assam Pollution Control Board,False,True,Government Monitor
3409377,"Meher Colony, Baripada - OSPCB",India,CPCB,Odisha State Pollution Control Board,False,True,Government Monitor
3409378,"Jagamohanpur, Keonjhar - OSPCB",India,CPCB,Odisha State Pollution Control Board,False,True,Government Monitor
3409379,"Divisional Forest Office, Rairangpur - OSPCB",India,CPCB,Odisha State Pollution Control Board,False,True,Government Monitor
3409380,"Tata Township, Bileipada - OSPCB",India,CPCB,Odisha State Pollution Control Board,False,True,Government Monitor
3409381,"Dabuna, Nayagarh - OSPCB",India,CPCB,Odisha State Pollution Control Board,False,True,Government Monitor
3409382,"Raghunathpali, Rourkela - OSPCB",India,CPCB,Odisha State Pollution Control Board,False,True,Government Monitor
3409383,"OMC Colony, Suakati - OSPCB",India,CPCB,Odisha State Pollution Control Board,False,True,Government Monitor
3409384,"Barsua Iron Ore Mines, Tensa - OSPCB",India,CPCB,Odisha State Pollution Control Board,False,True,Government Monitor
3409385,"RVCE-Mailasandra, Bengaluru - KSPCB",India,CPCB,Karnataka State Pollution Control Board,False,True,Government Monitor
3409386,"Mahatma Basaveswar Colony, Kalaburgi - KSPCB",India,CPCB,Karnataka State Pollution Control Board,False,True,Government Monitor
3409387,"Lingaraj Nagar, Hubballi - KSPCB",India,CPCB,Karnataka State Pollution Control Board,False,True,Government Monitor
3409388,"Kasturi Nagar, Bengaluru - KSPCB",India,CPCB,Karnataka State Pollution Control Board,False,True,Government Monitor
3409389,"Thimmalapura, Tumakuru - KSPCB",India,CPCB,Karnataka State Pollution Control Board,False,True,Government Monitor
3409390,"LGBI Airport, Guwahati - PCBA",India,CPCB,Assam Pollution Control Board,False,True,Government Monitor
3409391,"Tarapur, Silchar - PCBA",India,CPCB,Assam Pollution Control Board,False,True,Government Monitor
3409392,"Kanuru, Vijayawada - APPCB",India,CPCB,Andhra Pradesh Pollution Control Board,False,True,Government Monitor
3409393,"Shivapura_Peenya, Bengaluru - KSPCB",India,CPCB,Karnataka State Pollution Control Board,False,True,Government Monitor
3409394,"Fertilizer Township, Rourkela - OSPCB",India,CPCB,Odisha State Pollution Control Board,False,True,Government Monitor
3409395,"Sector-2, Rourkela - OSPCB",India,CPCB,Odisha State Pollution Control Board,False,True,Government Monitor
3409396,"Nawapara SECL Colony, Chhal - CECB",India,CPCB,Chhattisgarh Environment Conservation Board,False,True,Government Monitor
3409397,"OP Jindal School, Kunjemura - CECB",India,CPCB,Chhattisgarh Environment Conservation Board,False,True,Government Monitor
3409398,"Govt. Higher Secondary School, Milupara - CECB",India,CPCB,Chhattisgarh Environment Conservation Board,False,True,Government Monitor
3409399,"OP Jindal Industrial Park, Tumidih - CECB",India,CPCB,Chhattisgarh Environment Conservation Board,False,True,Government Monitor
3409400,"Yerramukkapalli, Kadapa - APPCB",India,CPCB,Andhra Pradesh Pollution Control Board,False,True,Government Monitor
3409401,"Samrat Ashok Udhyan, Jodhpur - RSPCB",India,CPCB,Rajasthan State Pollution Control Board,False,True,Government Monitor
3409402,"Krishna Nagar, Bharatpur - RSPCB",India,CPCB,Rajasthan State Pollution Control Board,False,True,Government Monitor
3409403,"MM Ground, Bikaner - RSPCB",India,CPCB,Rajasthan State Pollution Control Board,False,True,Government Monitor
3409404,"Subash Chowk, Churu - RSPCB",India,CPCB,Rajasthan State Pollution Control Board,False,True,Government Monitor
3409405,"Raja Ganj, Dholpur - RSPCB",India,CPCB,Rajasthan State Pollution Control Board,False,True,Government Monitor
3409406,"Nayapura, Kota - RSPCB",India,CPCB,Rajasthan State Pollution Control Board,False,True,Government Monitor
3409407,"Shastri Nagar, Tonk - RSPCB",India,CPCB,Rajasthan State Pollution Control Board,False,True,Government Monitor
3409408,"Shivaji Nagar, Rishikesh - UKPCB",India,CPCB,Uttarakhand Pollution Control Board,False,True,Government Monitor
3409409,"Govt. Girls Inter College, Kashipur - UKPCB",India,CPCB,Uttarakhand Pollution Control Board,False,True,Government Monitor
3409410,"Vedhaynath Colony, Sirohi - RSPCB",India,CPCB,Rajasthan State Pollution Control Board,False,True,Government Monitor
3409411,"Christianpatty, Nagaon - PCBA",India,CPCB,Assam Pollution Control Board,False,True,Government Monitor
3409412,"Dhanmandi, Kota - RSPCB",India,CPCB,Rajasthan State Pollution Control Board,False,True,Government Monitor
3409413,"Idgah Hills, Bhopal - MPPCB",India,CPCB,Madhya Pradesh Pollution Control Board,False,True,Government Monitor
3409414,"Vijay Nagar Scheme-78, Indore - Glenmark",India,CPCB,Glenmark Pharmaceuticals Limited,False,True,Government Monitor
3409415,"Sardar Patel Nagar, Dhanbad - JSPCB",India,CPCB,Jharkhad State Pollution Control Board,False,True,Government Monitor
3409416,"Rati Talai, Banswara - RSPCB",India,CPCB,Rajasthan State Pollution Control Board,False,True,Government Monitor
3409417,"Shastri Nagar, Chittorgarh - RSPCB",India,CPCB,Rajasthan State Pollution Control Board,False,True,Government Monitor
3409418,"Khatikan Mohalla, Dausa - RSPCB",India,CPCB,Rajasthan State Pollution Control Board,False,True,Government Monitor
3409419,"Railway Colony, Barmer - RSPCB",India,CPCB,Rajasthan State Pollution Control Board,False,True,Government Monitor
3409420,"Housing Board, Hanumangarh - RSPCB",India,CPCB,Rajasthan State Pollution Control Board,False,True,Government Monitor
3409421,"Sahu Nagar, Sawai Madhopur - RSPCB",India,CPCB,Rajasthan State Pollution Control Board,False,True,Government Monitor
3409422,"Indra Nagar, Jhunjhunu - RSPCB",India,CPCB,Rajasthan State Pollution Control Board,False,True,Government Monitor
3409423,"Dhoinda, Rajsamand - RSPCB",India,CPCB,Rajasthan State Pollution Control Board,False,True,Government Monitor
3409424,"Old City, Sri Ganganagar - RSPCB",India,CPCB,Rajasthan State Pollution Control Board,False,True,Government Monitor
3409425,"Jhalamand, Jodhpur - RSPCB",India,CPCB,Rajasthan State Pollution Control Board,False,True,Government Monitor
3409426,"Pragati Nagar, Pratapgarh - RSPCB",India,CPCB,Rajasthan State Pollution Control Board,False,True,Government Monitor
3409427,"Radhakishan Pura, Sikar - RSPCB",India,CPCB,Rajasthan State Pollution Control Board,False,True,Government Monitor
3409428,"Satyawati Vihar, Karauli - RSPCB",India,CPCB,Rajasthan State Pollution Control Board,False,True,Government Monitor
3409429,"Rajlaxmi Nagar, Jhalawar - RSPCB",India,CPCB,Rajasthan State Pollution Control Board,False,True,Government Monitor
3409430,"Mansarovar Sector-12, Jaipur - RSPCB",India,CPCB,Rajasthan State Pollution Control Board,False,True,Government Monitor
3409431,"Digari Kalan, Jodhpur - RSPCB",India,CPCB,Rajasthan State Pollution Control Board,False,True,Government Monitor
3409432,"Sector-2 Murlipura, Jaipur - RSPCB",India,CPCB,Rajasthan State Pollution Control Board,False,True,Government Monitor
3409433,"RIICO Sitapura, Jaipur - RSPCB",India,CPCB,Rajasthan State Pollution Control Board,False,True,Government Monitor
3409434,"Jigani, Bengaluru - KSPCB",India,CPCB,Karnataka State Pollution Control Board,False,True,Government Monitor
3409435,"Gavalinagar, Pimpri Chinchwad - MPCB",India,CPCB,Maharashtra Pollution Control Board,False,True,Government Monitor
3409436,"Park Street Wakad, Pimpri Chinchwad - MPCB",India,CPCB,Maharashtra Pollution Control Board,False,True,Government Monitor
3409437,"Thergaon, Pimpri Chinchwad - MPCB",India,CPCB,Maharashtra Pollution Control Board,False,True,Government Monitor
3409438,"Katraj Dairy, Pune - MPCB",India,CPCB,Maharashtra Pollution Control Board,False,True,Government Monitor
3409439,"Savitribai Phule Pune University, Pune - MPCB",India,CPCB,Maharashtra Pollution Control Board,False,True,Government Monitor
3409440,"Shivaji University, Kolhapur - MPCB",India,CPCB,Maharashtra Pollution Control Board,False,True,Government Monitor
3409441,"Sinchan Bhavan, Kolhapur - MPCB",India,CPCB,Maharashtra Pollution Control Board,False,True,Government Monitor
3409442,"Pratap Nagar, Bhilwara - RSPCB",India,CPCB,Rajasthan State Pollution Control Board,False,True,Government Monitor
3409443,"New Colony, Bundi - RSPCB",India,CPCB,Rajasthan State Pollution Control Board,False,True,Government Monitor
3409444,"Sadar Bazar, Jaisalmer - RSPCB",India,CPCB,Rajasthan State Pollution Control Board,False,True,Government Monitor
3409445,"Mandor, Jodhpur - RSPCB",India,CPCB,Rajasthan State Pollution Control Board,False,True,Government Monitor
3409446,"Vijay Nagar, Sangli - MPCB",India,CPCB,Maharashtra Pollution Control Board,False,True,Government Monitor
3409447,"Bamboliya, Baran - RSPCB",India,CPCB,Rajasthan State Pollution Control Board,False,True,Government Monitor
3409448,"Ratandeep Housing Society, Solapur - MPCB",India,CPCB,Maharashtra Pollution Control Board,False,True,Government Monitor
3409449,"Dnyaneshwar Nagar, Solapur - MPCB",India,CPCB,Maharashtra Pollution Control Board,False,True,Government Monitor
3409450,"Karni Colony, Nagaur - RSPCB",India,CPCB,Rajasthan State Pollution Control Board,False,True,Government Monitor
3409451,"Pandav Nagari, Nashik - MPCB",India,CPCB,Maharashtra Pollution Control Board,False,True,Government Monitor
3409452,"Sawe Wadi, Latur - MPCB",India,CPCB,Maharashtra Pollution Control Board,False,True,Government Monitor
3409453,"MIDC Ambad, Nashik - MPCB",India,CPCB,Maharashtra Pollution Control Board,False,True,Government Monitor
3409454,"Hirawadi, Nashik - MPCB",India,CPCB,Maharashtra Pollution Control Board,False,True,Government Monitor
3409455,"Kamble Tarf Birwadi, Mahad - MPCB",India,CPCB,Maharashtra Pollution Control Board,False,True,Government Monitor
3409456,"Ramdaspeth, Akola - MPCB",India,CPCB,Maharashtra Pollution Control Board,False,True,Government Monitor
3409457,"Tarakpur, Ahmednagar - MPCB",India,CPCB,Maharashtra Pollution Control Board,False,True,Government Monitor
3409458,"Shivneri Colony, Amravati - MPCB",India,CPCB,Maharashtra Pollution Control Board,False,True,Government Monitor
3409459,"Shri Shivaji Science College, Amaravati - MPCB",India,CPCB,Maharashtra Pollution Control Board,False,True,Government Monitor
3409460,"MIDC Chilkalthana, Aurangabad - MPCB",India,CPCB,Maharashtra Pollution Control Board,False,True,Government Monitor
3409461,"Rachnakar Colony, Aurangabad - MPCB",India,CPCB,Maharashtra Pollution Control Board,False,True,Government Monitor
3409462,"Prabhat Colony, Jalgaon - MPCB",India,CPCB,Maharashtra Pollution Control Board,False,True,Government Monitor
3409463,"Old MIDC, Jalna - MPCB",India,CPCB,Maharashtra Pollution Control Board,False,True,Government Monitor
3409464,"Ambazari, Nagpur - MPCB",India,CPCB,Maharashtra Pollution Control Board,False,True,Government Monitor
3409465,"Ram Nagar, Nagpur - MPCB",India,CPCB,Maharashtra Pollution Control Board,False,True,Government Monitor
3409466,"Masoom Colony, Parbhani - MPCB",India,CPCB,Maharashtra Pollution Control Board,False,True,Government Monitor
3409467,"Sneh Nagar, Nanded - MPCB",India,CPCB,Maharashtra Pollution Control Board,False,True,Government Monitor
3409468,"Mahal, Nagpur - MPCB",India,CPCB,Maharashtra Pollution Control Board,False,True,Government Monitor
3409469,"Kasarvadavali, Thane - MPCB",India,CPCB,Maharashtra Pollution Control Board,False,True,Government Monitor
3409470,"Katrap, Badlapur - MPCB",India,CPCB,Maharashtra Pollution Control Board,False,True,Government Monitor
3409471,"Sector-2E Kalamboli, Navi Mumbai - MPCB",India,CPCB,Maharashtra Pollution Control Board,False,True,Government Monitor
3409472,"Upvan Fort, Thane - MPCB",India,CPCB,Maharashtra Pollution Control Board,False,True,Government Monitor
3409473,"Deopur, Dhule - MPCB",India,CPCB,Maharashtra Pollution Control Board,False,True,Government Monitor
3409474,"Mahesh Nagar, Malegaon - MPCB",India,CPCB,Maharashtra Pollution Control Board,False,True,Government Monitor
3409475,"Tondare-Taloja, Navi Mumbai - MPCB",India,CPCB,Maharashtra Pollution Control Board,False,True,Government Monitor
3409476,"CBD Belapur, Belapur - MPCB",India,CPCB,Maharashtra Pollution Control Board,False,True,Government Monitor
3409477,"Kopripada-Vashi, Navi Mumbai - MPCB",India,CPCB,Maharashtra Pollution Control Board,False,True,Government Monitor
3409478,"Bhayandar West, Mira-Bhayandar - MPCB",India,CPCB,Maharashtra Pollution Control Board,False,True,Government Monitor
3409479,"Mindspace-Malad West, Mumbai - MPCB",India,CPCB,Maharashtra Pollution Control Board,False,True,Government Monitor
3409480,"Bolinj, Virar - MPCB",India,CPCB,Maharashtra Pollution Control Board,False,True,Government Monitor
3409481,"Khaira, Boisar - MPCB",India,CPCB,Maharashtra Pollution Control Board,False,True,Government Monitor
3409482,"Bandra Kurla Complex, Mumbai - MPCB",India,CPCB,Maharashtra Pollution Control Board,False,True,Government Monitor
3409483,"Chembur, Mumbai - MPCB",India,CPCB,Maharashtra Pollution Control Board,False,True,Government Monitor
3409484,"Sidhi Vinayak Nagar, Ulhasnagar - MPCB",India,CPCB,Maharashtra Pollution Control Board,False,True,Government Monitor
3409485,"Gokul Nagar, Bhiwandi - MPCB",India,CPCB,Maharashtra Pollution Control Board,False,True,Government Monitor
3409486,"Kherwadi_Bandra East, Mumbai - MPCB",India,CPCB,Maharashtra Pollution Control Board,False,True,Government Monitor
3409487,"Sanpada, Navi Mumbai - MPCB",India,CPCB,Maharashtra Pollution Control Board,False,True,Government Monitor
3409488,"Suhagi, Jabalpur - JMC",India,CPCB,Jabalpur Municipal Corporation,False,True,Government Monitor
3409489,"Gupteshwar, Jabalpur - JMC",India,CPCB,Jabalpur Municipal Corporation,False,True,Government Monitor
3409492,"HB Colony, Vijayawada - APPCB",India,CPCB,Andhra Pradesh Pollution Control Board,False,True,Government Monitor
3409493,"Rajiv Gandhi Park, Vijayawada - APPCB",India,CPCB,Andhra Pradesh Pollution Control Board,False,True,Government Monitor
3409494,"Bhoiwada, Dungarpur - RSPCB",India,CPCB,Rajasthan State Pollution Control Board,False,True,Government Monitor
3409495,"Mudtra Sili, Jalore - RSPCB",India,CPCB,Rajasthan State Pollution Control Board,False,True,Government Monitor
3409497,"KHB Colony, Karwar - KSPCB",India,CPCB,Karnataka State Pollution Control Board,False,True,Government Monitor
3409498,"Residency Area, Indore - IMC",India,CPCB,Indore Municipal Corporation,False,True,Government Monitor
3409499,"Regional Park, Indore - MPPCB",India,CPCB,Madhya Pradesh Pollution Control Board,False,True,Government Monitor
3409500,"Maguda Nagar, Indore - IMC",India,CPCB,Indore Municipal Corporation,False,True,Government Monitor
3409501,"Airport Area, Indore - IMC",India,CPCB,Indore Municipal Corporation,False,True,Government Monitor
3409502,"Kalidaspur, Balasore - OSPCB",India,CPCB,Odisha State Pollution Control Board,False,True,Government Monitor
3409503,"Forest Office, Barbil - OSPCB",India,CPCB,Odisha State Pollution Control Board,False,True,Government Monitor
3409504,"Hakimapada, Angul - OSPCB",India,CPCB,Odisha State Pollution Control Board,False,True,Government Monitor
3409505,"Lingraj Mandir, Bhubaneswar - OSPCB",India,CPCB,Odisha State Pollution Control Board,False,True,Government Monitor
3409506,"CDA Area, Cuttack - OSPCB",India,CPCB,Odisha State Pollution Control Board,False,True,Government Monitor
3409507,"Ferro Chrome Colony, Byasanagar - OSPCB",India,CPCB,Odisha State Pollution Control Board,False,True,Government Monitor
3409508,"Patia, Bhubaneswar - OSPCB",India,CPCB,Odisha State Pollution Control Board,False,True,Government Monitor
3409509,"SVSPA Campus, Barrackpore - WBPCB",India,CPCB,West Bengal Pollution Control Board,False,True,Government Monitor
3409510,"Byculla, Mumbai - BMC",India,CPCB,Brihanmumbai Municipal Corporation,False,True,Government Monitor
3409511,"Shivaji Nagar, Mumbai - BMC",India,CPCB,Brihanmumbai Municipal Corporation,False,True,Government Monitor
3409512,"Kandivali West, Mumbai - BMC",India,CPCB,Brihanmumbai Municipal Corporation,False,True,Government Monitor
3409513,"Sewri, Mumbai - BMC",India,CPCB,Brihanmumbai Municipal Corporation,False,True,Government Monitor
3409514,"Ghatkopar, Mumbai - BMC",India,CPCB,Brihanmumbai Municipal Corporation,False,True,Government Monitor
3409515,"Govindh Bhavan Colony, Jabalpur - MPPCB",India,CPCB,Madhya Pradesh Pollution Control Board,False,True,Government Monitor
3409516,"SIPCOT Nathampannai, Pudukottai - TNPCB",India,CPCB,Tamil Nadu Pollution Control Board,False,True,Government Monitor
3409517,"Collectorate Office, Virudhunagar - TNPCB",India,CPCB,Tamil Nadu Pollution Control Board,False,True,Government Monitor
3409518,"Rajiv Nagar, Vijayawada - APPCB",India,CPCB,Andhra Pradesh Pollution Control Board,False,True,Government Monitor
3409519,"Vasundhara Nagar_UIT, Bhiwadi - RSPCB",India,CPCB,Rajasthan State Pollution Control Board,False,True,Government Monitor
3409520,"PCBL Residential Complex, Durgapur - WBPCB",India,CPCB,West Bengal Pollution Control Board,False,True,Government Monitor
3409521,"Evelyn Lodge, Asansol - WBPCB",India,CPCB,West Bengal Pollution Control Board,False,True,Government Monitor
3409522,"Mahabir Colliery, Asansol - WBPCB",India,CPCB,West Bengal Pollution Control Board,False,True,Government Monitor
3409523,"Bhumkar Nagar, Pune - IITM",India,CPCB,Indian Institute of Tropical Meteorology,False,True,Government Monitor
3409524,"Botanical Garden, Howrah - WBPCB",India,CPCB,West Bengal Pollution Control Board,False,True,Government Monitor
3409525,"Trivenidevi Bhalotia College, Asansol - WBPCB",India,CPCB,West Bengal Pollution Control Board,False,True,Government Monitor
3409526,"Panchawati_Pashan, Pune - IITM",India,CPCB,Indian Institute of Tropical Meteorology,False,True,Government Monitor
3409527,"SIPCOT Industrial Park, Perundurai - TNPCB",India,CPCB,Tamil Nadu Pollution Control Board,False,True,Government Monitor
3409528,"Savta Mali Nagar, Pimpri-Chinchwad - IITM",India,CPCB,Indian Institute of Tropical Meteorology,False,True,Government Monitor
3409529,"Mahishkapur Road_B-Zone, Durgapur - WBPCB",India,CPCB,West Bengal Pollution Control Board,False,True,Government Monitor
3409530,"Dasnagar, Howrah - WBPCB",India,CPCB,West Bengal Pollution Control Board,False,True,Government Monitor
